<?xml version="1.0" encoding="UTF-8"?>

<!DOCTYPE connector PUBLIC '-//Sun Microsystems, Inc.//DTD Connector 1.0//EN' 'http://java.sun.com/dtd/connector_1_0.dtd'>

<connector>
    <display-name>WebDAV-Connector</display-name>
    <vendor-name>Apache Software Foundation</vendor-name>
    <spec-version>1.0</spec-version>
    <eis-type>WebDAV</eis-type>
    <version>1.0</version>
    <resourceadapter>
        <managedconnectionfactory-class>org.apache.webdav.connector.WebDAVManagedConnectionFactory</managedconnectionfactory-class>
        <connectionfactory-interface>javax.resource.cci.ConnectionFactory</connectionfactory-interface>
        <connectionfactory-impl-class>org.apache.webdav.connector.WebDAVConnectionFactory</connectionfactory-impl-class>
        <connection-interface>javax.resource.cci.Connection</connection-interface>
        <connection-impl-class>org.apache.webdav.connector.WebDAVConnection</connection-impl-class>
        <transaction-support>XATransaction</transaction-support>
        <reauthentication-support>false</reauthentication-support>
    </resourceadapter>
</connector>
